[
  {
  "id": "2f529fa3-62e2-47f0-8dfb-6cc2d0388908",
  "name": "SecCOM",
  "vendor": "TUB",
  "updateAt": "2018.06.04 at 13:55:39 CEST",
  "version": null,
  "vnf_dependency": "[VNFDependency{source='af', source_id='2e5ac274-3454-4b2c-827e-a39897fd7d26', target='ui', target_id='2b002eaa-db14-4856-9472-45a4ba10d3be', parameters=[private_floatingIp, private]} BaseEntity{id='142a3680-f759-40d9-8c03-b4eb3980cbdd', version=1, projectId='null', shared=false, metadata={}}, VNFDependency{source='cb', source_id='4f2695ab-82b5-429e-8092-98031715638e', target='af', target_id='2e5ac274-3454-4b2c-827e-a39897fd7d26', parameters=[private]} BaseEntity{id='e13a4666-e3ac-4f8d-87a9-f2366766b0dd', version=1, projectId='null', shared=false, metadata={}}]",
  "vnfd": [{
    "id": "2318d055-2416-4837-9b69-cc2ef430a012",
    "name": "scscf",
    "vendor": "fokus",
    "version": "5.1.0",

    "lifecycle_event": "[LifecycleEvent{event=START, lifecycle_events=[scscf_generate_config.sh, scscf_start.sh]} BaseEntity{id='e92faff8-dd51-49c7-8887-b56aabadf4fa', version=1, projectId='null', shared=false, metadata={}}, LifecycleEvent{event=CONFIGURE, lifecycle_events=[bind9_relation_joined.sh, fhoss_relation_joined.sh, icscf_relation_joined.sh]} BaseEntity{id='d18647a0-643e-4ad8-9028-5eee737dcbaf', version=1, projectId='null', shared=false, metadata={}}, LifecycleEvent{event=INSTANTIATE, lifecycle_events=[scscf_install.sh]} BaseEntity{id='e1e7d24d-214d-4e1f-b235-6c441e5129be', version=1, projectId='null', shared=false, metadata={}}]"
  },
    {
      "id": "b819d1e5-17fe-46af-8100-fae6a03fc209",
      "name": "secgw",
      "vendor": "fokus",
      "version": "5.1.0",
      "lifecycle_event": "[LifecycleEvent{event=CONFIGURE, lifecycle_events=[bind9_relation_joined.sh, fhoss_relation_joined.sh, scscf_relation_joined.sh]} BaseEntity{id='8c4c0be2-362b-4cdd-8eab-426122be3d2f', version=1, projectId='null', shared=false, metadata={}}, LifecycleEvent{event=START, lifecycle_events=[icscf_generate_config.sh, icscf_start.sh]} BaseEntity{id='942ffe1f-9f37-401e-944b-d390b2561dcc', version=1, projectId='null', shared=false, metadata={}}, LifecycleEvent{event=INSTANTIATE, lifecycle_events=[icscf_install.sh]} BaseEntity{id='a81a6287-2b11-464d-bbfb-3ffc424693bc', version=1, projectId='null', shared=false, metadata={}}]"
    }
  ]
},
  {
    "id": "ecf8b86f-999d-4f96-8f28-c890ea5eba79",
    "name": "OpenIMSCore Bind9 FHoSS",
    "vendor": "fokus",
    "updateAt": "2018.08.27 at 13:38:09 CEST",
    "version": null,
    "vnf_dependency": "[VNFDependency{source='icscf', source_id='b819d1e5-17fe-46af-8100-fae6a03fc209', target='fhoss', target_id='723bdcd8-d078-4862-988f-9932c5b6c009', parameters=[mgmt, mgmt_floatingIp, name, diameter_p]} BaseEntity{id='37b70dc2-1ff6-433e-a3a0-f6a9d8b30fbc', version=1, projectId='null', shared=false, metadata={}}, VNFDependency{source='fhoss', source_id='723bdcd8-d078-4862-988f-9932c5b6c009', target='bind9', target_id='f0118d6a-af64-4a8e-9c14-3dc03373df8b', parameters=[mgmt, mgmt_floatingIp, name]} BaseEntity{id='7e129082-275b-40ea-8543-84e5491c8707', version=1, projectId='null', shared=false, metadata={}}, VNFDependency{source='bind9', source_id='f0118d6a-af64-4a8e-9c14-3dc03373df8b', target='icscf', target_id='b819d1e5-17fe-46af-8100-fae6a03fc209', parameters=[mgmt, useFloatingIpsForEntries, mgmt_floatingIp, realm]} BaseEntity{id='233abf39-b64f-458e-8616-3f4d73f896f7', version=1, projectId='null', shared=false, metadata={}}, VNFDependency{source='scscf', source_id='2318d055-2416-4837-9b69-cc2ef430a012', target='fhoss', target_id='723bdcd8-d078-4862-988f-9932c5b6c009', parameters=[mgmt, port, mgmt_floatingIp, name, diameter_p]} BaseEntity{id='c77b9459-3fe9-4c58-82b1-63bae0cdea03', version=1, projectId='null', shared=false, metadata={}}, VNFDependency{source='bind9', source_id='f0118d6a-af64-4a8e-9c14-3dc03373df8b', target='pcscf', target_id='6014ef0b-3213-4d54-896c-d376cafe7bc8', parameters=[mgmt, useFloatingIpsForEntries, mgmt_floatingIp, realm]} BaseEntity{id='5aaa49ca-7f56-40b9-af5e-2f6c43f36e08', version=1, projectId='null', shared=false, metadata={}}, VNFDependency{source='icscf', source_id='b819d1e5-17fe-46af-8100-fae6a03fc209', target='scscf', target_id='2318d055-2416-4837-9b69-cc2ef430a012', parameters=[mgmt, mgmt_floatingIp, name]} BaseEntity{id='df079a29-5beb-40aa-979e-e1c5eb6c1b8d', version=1, projectId='null', shared=false, metadata={}}, VNFDependency{source='pcscf', source_id='6014ef0b-3213-4d54-896c-d376cafe7bc8', target='bind9', target_id='f0118d6a-af64-4a8e-9c14-3dc03373df8b', parameters=[mgmt, port, mgmt_floatingIp, name]} BaseEntity{id='719299ca-2864-48d6-a15c-7877763138d9', version=1, projectId='null', shared=false, metadata={}}, VNFDependency{source='bind9', source_id='f0118d6a-af64-4a8e-9c14-3dc03373df8b', target='fhoss', target_id='723bdcd8-d078-4862-988f-9932c5b6c009', parameters=[mgmt, useFloatingIpsForEntries, mgmt_floatingIp, realm]} BaseEntity{id='356bf885-3a91-4dc4-840e-e9109e39fb0e', version=1, projectId='null', shared=false, metadata={}}, VNFDependency{source='scscf', source_id='2318d055-2416-4837-9b69-cc2ef430a012', target='bind9', target_id='f0118d6a-af64-4a8e-9c14-3dc03373df8b', parameters=[mgmt, port, mgmt_floatingIp, name]} BaseEntity{id='ffd411eb-a3ff-476a-8cc5-8822df684de1', version=1, projectId='null', shared=false, metadata={}}, VNFDependency{source='icscf', source_id='b819d1e5-17fe-46af-8100-fae6a03fc209', target='bind9', target_id='f0118d6a-af64-4a8e-9c14-3dc03373df8b', parameters=[mgmt, port, mgmt_floatingIp, name]} BaseEntity{id='04dea8eb-0b76-4dd9-a3a0-f6df9a57135e', version=1, projectId='null', shared=false, metadata={}}, VNFDependency{source='scscf', source_id='2318d055-2416-4837-9b69-cc2ef430a012', target='icscf', target_id='b819d1e5-17fe-46af-8100-fae6a03fc209', parameters=[mgmt, port, mgmt_floatingIp, name]} BaseEntity{id='faccf6c8-7dc6-466c-b207-3b0f3600514c', version=1, projectId='null', shared=false, metadata={}}, VNFDependency{source='fhoss', source_id='723bdcd8-d078-4862-988f-9932c5b6c009', target='icscf', target_id='b819d1e5-17fe-46af-8100-fae6a03fc209', parameters=[mgmt, port, mgmt_floatingIp, name]} BaseEntity{id='90e0f83b-8803-421a-a990-9ad08cf65112', version=1, projectId='null', shared=false, metadata={}}, VNFDependency{source='bind9', source_id='f0118d6a-af64-4a8e-9c14-3dc03373df8b', target='scscf', target_id='2318d055-2416-4837-9b69-cc2ef430a012', parameters=[mgmt, useFloatingIpsForEntries, mgmt_floatingIp, realm]} BaseEntity{id='8ff53e81-ffe6-44b2-b72f-a6e360b54673', version=1, projectId='null', shared=false, metadata={}}, VNFDependency{source='fhoss', source_id='723bdcd8-d078-4862-988f-9932c5b6c009', target='scscf', target_id='2318d055-2416-4837-9b69-cc2ef430a012', parameters=[mgmt, port, mgmt_floatingIp, name]} BaseEntity{id='a1e05382-88c6-4582-8b7a-57cbc3db4226', version=1, projectId='null', shared=false, metadata={}}]",
    "vnfd": [{
      "id": "2318d055-2416-4837-9b69-cc2ef430a012",
      "name": "scscf",
      "vendor": "fokus",
      "version": "5.1.0",
      "lifecycle_event": "[LifecycleEvent{event=START, lifecycle_events=[scscf_generate_config.sh, scscf_start.sh]} BaseEntity{id='e92faff8-dd51-49c7-8887-b56aabadf4fa', version=1, projectId='null', shared=false, metadata={}}, LifecycleEvent{event=CONFIGURE, lifecycle_events=[bind9_relation_joined.sh, fhoss_relation_joined.sh, icscf_relation_joined.sh]} BaseEntity{id='d18647a0-643e-4ad8-9028-5eee737dcbaf', version=1, projectId='null', shared=false, metadata={}}, LifecycleEvent{event=INSTANTIATE, lifecycle_events=[scscf_install.sh]} BaseEntity{id='e1e7d24d-214d-4e1f-b235-6c441e5129be', version=1, projectId='null', shared=false, metadata={}}]"
    },
      {
        "id": "b819d1e5-17fe-46af-8100-fae6a03fc209",
        "name": "icscf",
        "vendor": "fokus",
        "version": "5.1.0",
        "lifecycle_event": "[LifecycleEvent{event=CONFIGURE, lifecycle_events=[bind9_relation_joined.sh, fhoss_relation_joined.sh, scscf_relation_joined.sh]} BaseEntity{id='8c4c0be2-362b-4cdd-8eab-426122be3d2f', version=1, projectId='null', shared=false, metadata={}}, LifecycleEvent{event=START, lifecycle_events=[icscf_generate_config.sh, icscf_start.sh]} BaseEntity{id='942ffe1f-9f37-401e-944b-d390b2561dcc', version=1, projectId='null', shared=false, metadata={}}, LifecycleEvent{event=INSTANTIATE, lifecycle_events=[icscf_install.sh]} BaseEntity{id='a81a6287-2b11-464d-bbfb-3ffc424693bc', version=1, projectId='null', shared=false, metadata={}}]"
      },
      {
        "id": "6014ef0b-3213-4d54-896c-d376cafe7bc8",
        "name": "pcscf",
        "vendor": "fokus",
        "version": "5.1.0",
        "lifecycle_event": "[LifecycleEvent{event=START, lifecycle_events=[pcscf_generate_config.sh, pcscf_start.sh]} BaseEntity{id='cab9dae8-2ceb-49e0-b8e9-acd5ba9b069d', version=1, projectId='null', shared=false, metadata={}}, LifecycleEvent{event=CONFIGURE, lifecycle_events=[bind9_relation_joined.sh]} BaseEntity{id='2e71b080-359f-4116-bd03-0e55955d87e2', version=1, projectId='null', shared=false, metadata={}}, LifecycleEvent{event=INSTANTIATE, lifecycle_events=[pcscf_install.sh]} BaseEntity{id='18328338-efbe-4603-83ff-3ae5bfa388f9', version=1, projectId='null', shared=false, metadata={}}]"
      },
      {
        "id": "723bdcd8-d078-4862-988f-9932c5b6c009",
        "name": "fhoss",
        "vendor": "fokus",
        "version": "5.1.0",
        "lifecycle_event": "[LifecycleEvent{event=START, lifecycle_events=[fhoss_generate_config.sh, fhoss_start.sh]} BaseEntity{id='6687e58b-8709-42a5-b8d9-1a19357d1f12', version=1, projectId='null', shared=false, metadata={}}, LifecycleEvent{event=CONFIGURE, lifecycle_events=[bind9_relation_joined.sh, icscf_relation_joined.sh, scscf_relation_joined.sh]} BaseEntity{id='0aacdba7-cc40-45ac-af01-bee80dc11d66', version=1, projectId='null', shared=false, metadata={}}, LifecycleEvent{event=INSTANTIATE, lifecycle_events=[fhoss_install.sh]} BaseEntity{id='2ccf34e4-c7a3-48c7-91fa-f3c972272ba2', version=1, projectId='null', shared=false, metadata={}}]"
      },
      {
        "id": "f0118d6a-af64-4a8e-9c14-3dc03373df8b",
        "name": "bind9",
        "vendor": "fokus",
        "version": "5.1.0",
        "lifecycle_event": "[LifecycleEvent{event=INSTANTIATE, lifecycle_events=[bind9_install.sh]} BaseEntity{id='8336009e-f796-4b64-a4d6-5bd7940ed383', version=1, projectId='null', shared=false, metadata={}}, LifecycleEvent{event=CONFIGURE, lifecycle_events=[fhoss_relation_joined.sh, icscf_relation_joined.sh, scscf_relation_joined.sh, pcscf_relation_joined.sh, mmechess_relation_joined.sh]} BaseEntity{id='8b795ddd-0252-4de9-8eb8-241bbe239838', version=1, projectId='null', shared=false, metadata={}}, LifecycleEvent{event=START, lifecycle_events=[generate_zone_file.sh, bind9_restart.sh]} BaseEntity{id='7308bc07-1b15-4db0-8a91-7e94f9630588', version=1, projectId='null', shared=false, metadata={}}]"
      }]
  }]
